id_registro,id_deputado,nome_deputado,estado,ano,mes,tipo_despesa,valor_gasto,data_despesa
1072834,107283,Gleisi Hoffmann,PR,2026,4,PASSAGEM AÉREA - REEMBOLSO,2515.9,2026-04-01
1072835,107283,Gleisi Hoffmann,PR,2026,5,SERVIÇO DE SEGURANÇA PRESTADO POR EMPRESA ESPECIALIZADA.,158.11,2026-05-01
1072836,107283,Gleisi Hoffmann,PR,2026,6,SERVIÇO DE SEGURANÇA PRESTADO POR EMPRESA ESPECIALIZADA.,158.11,2026-06-01
1606045,160604,Pedro Uczai,SC,2026,5,ASSINATURA DE PUBLICAÇÕES,886.48,2026-05-01
1606045,160604,Pedro Uczai,SC,2026,5,ASSINATURA DE PUBLICAÇÕES,882.73,2026-05-01
1614401,161440,Pezenti,SC,2026,1,PASSAGEM AÉREA - REEMBOLSO,1547.74,2026-01-01
1614405,161440,Pezenti,SC,2026,5,PASSAGEM AÉREA - REEMBOLSO,2229.26,2026-05-01
1789291,178929,Diego Garcia,PR,2026,1,PASSAGEM AÉREA - REEMBOLSO,2586.77,2026-01-01
1789291,178929,Diego Garcia,PR,2026,1,PASSAGEM AÉREA - REEMBOLSO,2436.98,2026-01-01
1789291,178929,Diego Garcia,PR,2026,1,SERVIÇO DE SEGURANÇA PRESTADO POR EMPRESA ESPECIALIZADA.,543.0,2026-01-01
1789291,178929,Diego Garcia,PR,2026,1,PASSAGEM AÉREA - REEMBOLSO,2145.54,2026-01-01
1789291,178929,Diego Garcia,PR,2026,1,PASSAGEM AÉREA - REEMBOLSO,2675.77,2026-01-01
1789292,178929,Diego Garcia,PR,2026,2,PASSAGEM AÉREA - REEMBOLSO,1567.7,2026-02-01
1789292,178929,Diego Garcia,PR,2026,2,PASSAGEM AÉREA - REEMBOLSO,2753.77,2026-02-01
1789292,178929,Diego Garcia,PR,2026,2,SERVIÇO DE SEGURANÇA PRESTADO POR EMPRESA ESPECIALIZADA.,543.0,2026-02-01
1789292,178929,Diego Garcia,PR,2026,2,PASSAGEM AÉREA - REEMBOLSO,2931.93,2026-02-01
1789293,178929,Diego Garcia,PR,2026,3,PASSAGEM AÉREA - REEMBOLSO,2548.38,2026-03-01
1789293,178929,Diego Garcia,PR,2026,3,PASSAGEM AÉREA - REEMBOLSO,3286.98,2026-03-01
1789293,178929,Diego Garcia,PR,2026,3,PASSAGEM AÉREA - REEMBOLSO,2586.01,2026-03-01
1789293,178929,Diego Garcia,PR,2026,3,PASSAGEM AÉREA - REEMBOLSO,2423.62,2026-03-01
1789293,178929,Diego Garcia,PR,2026,3,PASSAGEM AÉREA - REEMBOLSO,3597.62,2026-03-01
1789293,178929,Diego Garcia,PR,2026,3,SERVIÇO DE SEGURANÇA PRESTADO POR EMPRESA ESPECIALIZADA.,543.0,2026-03-01
1789293,178929,Diego Garcia,PR,2026,3,PASSAGEM AÉREA - REEMBOLSO,4398.4,2026-03-01
1789293,178929,Diego Garcia,PR,2026,3,PASSAGEM AÉREA - REEMBOLSO,3583.77,2026-03-01
1789293,178929,Diego Garcia,PR,2026,3,PASSAGEM AÉREA - REEMBOLSO,3775.98,2026-03-01
1789293,178929,Diego Garcia,PR,2026,3,PASSAGEM AÉREA - REEMBOLSO,2928.47,2026-03-01
1789293,178929,Diego Garcia,PR,2026,3,PASSAGEM AÉREA - REEMBOLSO,3975.88,2026-03-01
1789293,178929,Diego Garcia,PR,2026,3,PASSAGEM AÉREA - REEMBOLSO,3283.77,2026-03-01
1789293,178929,Diego Garcia,PR,2026,3,PASSAGEM AÉREA - REEMBOLSO,2796.77,2026-03-01
1789293,178929,Diego Garcia,PR,2026,3,PASSAGEM AÉREA - REEMBOLSO,3703.56,2026-03-01
1789294,178929,Diego Garcia,PR,2026,4,PASSAGEM AÉREA - REEMBOLSO,2544.01,2026-04-01
1789294,178929,Diego Garcia,PR,2026,4,PASSAGEM AÉREA - REEMBOLSO,3627.53,2026-04-01
1789294,178929,Diego Garcia,PR,2026,4,PASSAGEM AÉREA - REEMBOLSO,3632.67,2026-04-01
1789294,178929,Diego Garcia,PR,2026,4,PASSAGEM AÉREA - REEMBOLSO,3707.35,2026-04-01
1789294,178929,Diego Garcia,PR,2026,4,PASSAGEM AÉREA - REEMBOLSO,4569.08,2026-04-01
1789294,178929,Diego Garcia,PR,2026,4,PASSAGEM AÉREA - REEMBOLSO,1097.04,2026-04-01
1789294,178929,Diego Garcia,PR,2026,4,PASSAGEM AÉREA - REEMBOLSO,3486.88,2026-04-01
1789294,178929,Diego Garcia,PR,2026,4,PASSAGEM AÉREA - REEMBOLSO,3779.49,2026-04-01
1789295,178929,Diego Garcia,PR,2026,5,PASSAGEM AÉREA - REEMBOLSO,1600.01,2026-05-01
1789295,178929,Diego Garcia,PR,2026,5,PASSAGEM AÉREA - REEMBOLSO,2393.53,2026-05-01
1789295,178929,Diego Garcia,PR,2026,5,PASSAGEM AÉREA - REEMBOLSO,3237.68,2026-05-01
1789295,178929,Diego Garcia,PR,2026,5,PASSAGEM AÉREA - REEMBOLSO,3627.47,2026-05-01
1789295,178929,Diego Garcia,PR,2026,5,PASSAGEM AÉREA - REEMBOLSO,1274.33,2026-05-01
1789295,178929,Diego Garcia,PR,2026,5,PASSAGEM AÉREA - REEMBOLSO,2972.18,2026-05-01
1789295,178929,Diego Garcia,PR,2026,5,SERVIÇO DE SEGURANÇA PRESTADO POR EMPRESA ESPECIALIZADA.,543.0,2026-05-01
1789295,178929,Diego Garcia,PR,2026,5,PASSAGEM AÉREA - REEMBOLSO,3152.24,2026-05-01
1789295,178929,Diego Garcia,PR,2026,5,PASSAGEM AÉREA - REEMBOLSO,4001.87,2026-05-01
1789295,178929,Diego Garcia,PR,2026,5,PASSAGEM AÉREA - REEMBOLSO,3128.53,2026-05-01
1789295,178929,Diego Garcia,PR,2026,5,PASSAGEM AÉREA - REEMBOLSO,2569.04,2026-05-01
1789295,178929,Diego Garcia,PR,2026,5,PASSAGEM AÉREA - REEMBOLSO,3627.47,2026-05-01
1789295,178929,Diego Garcia,PR,2026,5,PASSAGEM AÉREA - REEMBOLSO,3500.04,2026-05-01
1789295,178929,Diego Garcia,PR,2026,5,PASSAGEM AÉREA - REEMBOLSO,2639.04,2026-05-01
1789296,178929,Diego Garcia,PR,2026,6,PASSAGEM AÉREA - REEMBOLSO,3604.97,2026-06-01
1789296,178929,Diego Garcia,PR,2026,6,PASSAGEM AÉREA - REEMBOLSO,1480.33,2026-06-01
1789296,178929,Diego Garcia,PR,2026,6,PASSAGEM AÉREA - REEMBOLSO,4286.54,2026-06-01
1789313,178931,Luciano Ducci,PR,2026,3,PASSAGEM AÉREA - RPA,2109.77,2026-03-01
1789313,178931,Luciano Ducci,PR,2026,3,PASSAGEM AÉREA - RPA,2966.29,2026-03-01
1789316,178931,Luciano Ducci,PR,2026,6,PASSAGEM AÉREA - RPA,1978.53,2026-06-01
1789316,178931,Luciano Ducci,PR,2026,6,PASSAGEM AÉREA - RPA,1875.77,2026-06-01
1789332,178933,Sergio Souza,PR,2026,2,"PASSAGENS TERRESTRES, MARÍTIMAS OU FLUVIAIS",195.45,2026-02-01
2043613,204361,Carlos Chiodini,SC,2026,3,SERVIÇOS POSTAIS,102.95,2026-03-01
2043616,204361,Carlos Chiodini,SC,2026,6,"PASSAGENS TERRESTRES, MARÍTIMAS OU FLUVIAIS",120.0,2026-06-01
2043656,204365,Gilson Marques,SC,2026,6,ASSINATURA DE PUBLICAÇÕES,538.8,2026-06-01
2043656,204365,Gilson Marques,SC,2026,6,ASSINATURA DE PUBLICAÇÕES,358.0,2026-06-01
2043656,204365,Gilson Marques,SC,2026,6,ASSINATURA DE PUBLICAÇÕES,238.8,2026-06-01
2043873,204387,Sargento Fahur,PR,2026,3,PASSAGEM AÉREA - REEMBOLSO,3297.92,2026-03-01
2043873,204387,Sargento Fahur,PR,2026,3,PASSAGEM AÉREA - REEMBOLSO,3297.92,2026-03-01
2044103,204410,Luisa Canziani,PR,2026,3,PASSAGEM AÉREA - REEMBOLSO,1811.62,2026-03-01
2044105,204410,Luisa Canziani,PR,2026,5,SERVIÇOS POSTAIS,78.4,2026-05-01
2044111,204411,Filipe Barros,PR,2026,1,"PASSAGENS TERRESTRES, MARÍTIMAS OU FLUVIAIS",339.83,2026-01-01
2044111,204411,Filipe Barros,PR,2026,1,"PASSAGENS TERRESTRES, MARÍTIMAS OU FLUVIAIS",340.01,2026-01-01
2044111,204411,Filipe Barros,PR,2026,1,SERVIÇO DE SEGURANÇA PRESTADO POR EMPRESA ESPECIALIZADA.,264.0,2026-01-01
2044112,204411,Filipe Barros,PR,2026,2,SERVIÇO DE SEGURANÇA PRESTADO POR EMPRESA ESPECIALIZADA.,264.0,2026-02-01
2044113,204411,Filipe Barros,PR,2026,3,SERVIÇO DE SEGURANÇA PRESTADO POR EMPRESA ESPECIALIZADA.,264.0,2026-03-01
2044114,204411,Filipe Barros,PR,2026,4,"PASSAGENS TERRESTRES, MARÍTIMAS OU FLUVIAIS",349.69,2026-04-01
2044114,204411,Filipe Barros,PR,2026,4,"PASSAGENS TERRESTRES, MARÍTIMAS OU FLUVIAIS",349.69,2026-04-01
2044114,204411,Filipe Barros,PR,2026,4,SERVIÇO DE SEGURANÇA PRESTADO POR EMPRESA ESPECIALIZADA.,264.0,2026-04-01
2044114,204411,Filipe Barros,PR,2026,4,"PASSAGENS TERRESTRES, MARÍTIMAS OU FLUVIAIS",349.69,2026-04-01
2044114,204411,Filipe Barros,PR,2026,4,"PASSAGENS TERRESTRES, MARÍTIMAS OU FLUVIAIS",349.69,2026-04-01
2044115,204411,Filipe Barros,PR,2026,5,SERVIÇO DE SEGURANÇA PRESTADO POR EMPRESA ESPECIALIZADA.,264.0,2026-05-01
2044116,204411,Filipe Barros,PR,2026,6,SERVIÇO DE SEGURANÇA PRESTADO POR EMPRESA ESPECIALIZADA.,264.0,2026-06-01
2044116,204411,Filipe Barros,PR,2026,6,AQUISIÇÃO DE TOKENS E CERTIFICADOS DIGITAIS,130.0,2026-06-01
2146946,214694,Jorge Goetten,SC,2026,6,PASSAGEM AÉREA - REEMBOLSO,1012.7,2026-06-01
2146946,214694,Jorge Goetten,SC,2026,6,PASSAGEM AÉREA - REEMBOLSO,1000.67,2026-06-01
2205561,220556,Ana Paula Lima,SC,2026,1,SERVIÇOS POSTAIS,1235.0,2026-01-01
2205564,220556,Ana Paula Lima,SC,2026,4,SERVIÇOS POSTAIS,519.0,2026-04-01
2205565,220556,Ana Paula Lima,SC,2026,5,SERVIÇOS POSTAIS,142.1,2026-05-01
2205566,220556,Ana Paula Lima,SC,2026,6,SERVIÇOS POSTAIS,3924.3,2026-06-01
2205581,220558,Zé Trovão,SC,2026,1,SERVIÇO DE SEGURANÇA PRESTADO POR EMPRESA ESPECIALIZADA.,406.77,2026-01-01
2205581,220558,Zé Trovão,SC,2026,1,SERVIÇO DE SEGURANÇA PRESTADO POR EMPRESA ESPECIALIZADA.,345.24,2026-01-01
2205582,220558,Zé Trovão,SC,2026,2,SERVIÇO DE SEGURANÇA PRESTADO POR EMPRESA ESPECIALIZADA.,377.76,2026-02-01
2205582,220558,Zé Trovão,SC,2026,2,SERVIÇO DE SEGURANÇA PRESTADO POR EMPRESA ESPECIALIZADA.,445.09,2026-02-01
2205583,220558,Zé Trovão,SC,2026,3,SERVIÇO DE SEGURANÇA PRESTADO POR EMPRESA ESPECIALIZADA.,377.76,2026-03-01
2205583,220558,Zé Trovão,SC,2026,3,SERVIÇO DE SEGURANÇA PRESTADO POR EMPRESA ESPECIALIZADA.,445.09,2026-03-01
2205584,220558,Zé Trovão,SC,2026,4,SERVIÇO DE SEGURANÇA PRESTADO POR EMPRESA ESPECIALIZADA.,377.76,2026-04-01
2205584,220558,Zé Trovão,SC,2026,4,SERVIÇO DE SEGURANÇA PRESTADO POR EMPRESA ESPECIALIZADA.,445.09,2026-04-01
2205585,220558,Zé Trovão,SC,2026,5,SERVIÇOS POSTAIS,37.6,2026-05-01
2205585,220558,Zé Trovão,SC,2026,5,SERVIÇOS POSTAIS,86.6,2026-05-01
2205585,220558,Zé Trovão,SC,2026,5,SERVIÇOS POSTAIS,86.6,2026-05-01
2205585,220558,Zé Trovão,SC,2026,5,SERVIÇO DE SEGURANÇA PRESTADO POR EMPRESA ESPECIALIZADA.,377.76,2026-05-01
