id_registro,id_deputado,nome_deputado,ano,mes,tipo_despesa,valor,estado
1072834,107283,Gleisi Hoffmann,2026,4,MANUTENÇÃO DE ESCRITÓRIO DE APOIO À ATIVIDADE PARLAMENTAR,997.0,PR
1072834,107283,Gleisi Hoffmann,2026,4,MANUTENÇÃO DE ESCRITÓRIO DE APOIO À ATIVIDADE PARLAMENTAR,12935.9,PR
1072834,107283,Gleisi Hoffmann,2026,4,MANUTENÇÃO DE ESCRITÓRIO DE APOIO À ATIVIDADE PARLAMENTAR,842.0,PR
1072834,107283,Gleisi Hoffmann,2026,4,COMBUSTÍVEIS E LUBRIFICANTES.,328.54,PR
1072834,107283,Gleisi Hoffmann,2026,4,COMBUSTÍVEIS E LUBRIFICANTES.,245.84,PR
1072834,107283,Gleisi Hoffmann,2026,4,COMBUSTÍVEIS E LUBRIFICANTES.,300.16,PR
1072834,107283,Gleisi Hoffmann,2026,4,COMBUSTÍVEIS E LUBRIFICANTES.,300.26,PR
1072834,107283,Gleisi Hoffmann,2026,4,COMBUSTÍVEIS E LUBRIFICANTES.,302.26,PR
1072834,107283,Gleisi Hoffmann,2026,4,COMBUSTÍVEIS E LUBRIFICANTES.,273.6,PR
1072834,107283,Gleisi Hoffmann,2026,4,COMBUSTÍVEIS E LUBRIFICANTES.,316.75,PR
1072834,107283,Gleisi Hoffmann,2026,4,COMBUSTÍVEIS E LUBRIFICANTES.,280.0,PR
1072834,107283,Gleisi Hoffmann,2026,4,COMBUSTÍVEIS E LUBRIFICANTES.,310.77,PR
1072834,107283,Gleisi Hoffmann,2026,4,COMBUSTÍVEIS E LUBRIFICANTES.,294.02,PR
1072834,107283,Gleisi Hoffmann,2026,4,DIVULGAÇÃO DA ATIVIDADE PARLAMENTAR.,9355.26,PR
1072834,107283,Gleisi Hoffmann,2026,4,PASSAGEM AÉREA - REEMBOLSO,2515.9,PR
1072834,107283,Gleisi Hoffmann,2026,4,TELEFONIA,67.19,PR
1072834,107283,Gleisi Hoffmann,2026,4,TELEFONIA,65.36,PR
1072834,107283,Gleisi Hoffmann,2026,4,TELEFONIA,418.66,PR
1072834,107283,Gleisi Hoffmann,2026,4,TELEFONIA,348.99,PR
1072834,107283,Gleisi Hoffmann,2026,4,"HOSPEDAGEM ,EXCETO DO PARLAMENTAR NO DISTRITO FEDERAL.",257.5,PR
1072834,107283,Gleisi Hoffmann,2026,4,"HOSPEDAGEM ,EXCETO DO PARLAMENTAR NO DISTRITO FEDERAL.",257.5,PR
1072834,107283,Gleisi Hoffmann,2026,4,"HOSPEDAGEM ,EXCETO DO PARLAMENTAR NO DISTRITO FEDERAL.",885.0,PR
1072834,107283,Gleisi Hoffmann,2026,4,"HOSPEDAGEM ,EXCETO DO PARLAMENTAR NO DISTRITO FEDERAL.",525.0,PR
1072834,107283,Gleisi Hoffmann,2026,4,"HOSPEDAGEM ,EXCETO DO PARLAMENTAR NO DISTRITO FEDERAL.",525.0,PR
1072834,107283,Gleisi Hoffmann,2026,4,PASSAGEM AÉREA - SIGEPA,2473.61,PR
1072834,107283,Gleisi Hoffmann,2026,4,PASSAGEM AÉREA - SIGEPA,2515.54,PR
1072834,107283,Gleisi Hoffmann,2026,4,PASSAGEM AÉREA - SIGEPA,-798.16,PR
1072834,107283,Gleisi Hoffmann,2026,4,PASSAGEM AÉREA - SIGEPA,2515.54,PR
1072834,107283,Gleisi Hoffmann,2026,4,PASSAGEM AÉREA - SIGEPA,-62.14,PR
1072834,107283,Gleisi Hoffmann,2026,4,PASSAGEM AÉREA - SIGEPA,2515.54,PR
1072834,107283,Gleisi Hoffmann,2026,4,PASSAGEM AÉREA - SIGEPA,2505.12,PR
1072834,107283,Gleisi Hoffmann,2026,4,PASSAGEM AÉREA - SIGEPA,3347.89,PR
1072834,107283,Gleisi Hoffmann,2026,4,PASSAGEM AÉREA - SIGEPA,1450.13,PR
1072834,107283,Gleisi Hoffmann,2026,4,PASSAGEM AÉREA - SIGEPA,2940.27,PR
1072834,107283,Gleisi Hoffmann,2026,4,PASSAGEM AÉREA - SIGEPA,136.0,PR
1072834,107283,Gleisi Hoffmann,2026,4,PASSAGEM AÉREA - SIGEPA,2679.04,PR
1072834,107283,Gleisi Hoffmann,2026,4,PASSAGEM AÉREA - SIGEPA,2390.81,PR
1072834,107283,Gleisi Hoffmann,2026,4,PASSAGEM AÉREA - SIGEPA,88.0,PR
1072834,107283,Gleisi Hoffmann,2026,4,PASSAGEM AÉREA - SIGEPA,2082.87,PR
1072835,107283,Gleisi Hoffmann,2026,5,MANUTENÇÃO DE ESCRITÓRIO DE APOIO À ATIVIDADE PARLAMENTAR,997.0,PR
1072835,107283,Gleisi Hoffmann,2026,5,MANUTENÇÃO DE ESCRITÓRIO DE APOIO À ATIVIDADE PARLAMENTAR,12933.8,PR
1072835,107283,Gleisi Hoffmann,2026,5,MANUTENÇÃO DE ESCRITÓRIO DE APOIO À ATIVIDADE PARLAMENTAR,258.02,PR
1072835,107283,Gleisi Hoffmann,2026,5,MANUTENÇÃO DE ESCRITÓRIO DE APOIO À ATIVIDADE PARLAMENTAR,26.63,PR
1072835,107283,Gleisi Hoffmann,2026,5,COMBUSTÍVEIS E LUBRIFICANTES.,321.01,PR
1072835,107283,Gleisi Hoffmann,2026,5,COMBUSTÍVEIS E LUBRIFICANTES.,247.2,PR
1072835,107283,Gleisi Hoffmann,2026,5,COMBUSTÍVEIS E LUBRIFICANTES.,300.0,PR
1072835,107283,Gleisi Hoffmann,2026,5,COMBUSTÍVEIS E LUBRIFICANTES.,353.78,PR
1072835,107283,Gleisi Hoffmann,2026,5,COMBUSTÍVEIS E LUBRIFICANTES.,300.03,PR
1072835,107283,Gleisi Hoffmann,2026,5,COMBUSTÍVEIS E LUBRIFICANTES.,305.12,PR
1072835,107283,Gleisi Hoffmann,2026,5,COMBUSTÍVEIS E LUBRIFICANTES.,300.0,PR
1072835,107283,Gleisi Hoffmann,2026,5,COMBUSTÍVEIS E LUBRIFICANTES.,300.04,PR
1072835,107283,Gleisi Hoffmann,2026,5,COMBUSTÍVEIS E LUBRIFICANTES.,299.99,PR
1072835,107283,Gleisi Hoffmann,2026,5,COMBUSTÍVEIS E LUBRIFICANTES.,231.56,PR
1072835,107283,Gleisi Hoffmann,2026,5,SERVIÇO DE SEGURANÇA PRESTADO POR EMPRESA ESPECIALIZADA.,158.11,PR
1072835,107283,Gleisi Hoffmann,2026,5,TELEFONIA,65.36,PR
1072835,107283,Gleisi Hoffmann,2026,5,TELEFONIA,67.21,PR
1072835,107283,Gleisi Hoffmann,2026,5,"HOSPEDAGEM ,EXCETO DO PARLAMENTAR NO DISTRITO FEDERAL.",420.0,PR
1072835,107283,Gleisi Hoffmann,2026,5,"HOSPEDAGEM ,EXCETO DO PARLAMENTAR NO DISTRITO FEDERAL.",1710.14,PR
1072835,107283,Gleisi Hoffmann,2026,5,"HOSPEDAGEM ,EXCETO DO PARLAMENTAR NO DISTRITO FEDERAL.",540.89,PR
1072835,107283,Gleisi Hoffmann,2026,5,"HOSPEDAGEM ,EXCETO DO PARLAMENTAR NO DISTRITO FEDERAL.",548.65,PR
1072835,107283,Gleisi Hoffmann,2026,5,"HOSPEDAGEM ,EXCETO DO PARLAMENTAR NO DISTRITO FEDERAL.",1093.05,PR
1072835,107283,Gleisi Hoffmann,2026,5,"HOSPEDAGEM ,EXCETO DO PARLAMENTAR NO DISTRITO FEDERAL.",429.5,PR
1072835,107283,Gleisi Hoffmann,2026,5,"SERVIÇO DE TÁXI, PEDÁGIO E ESTACIONAMENTO",17.94,PR
1072835,107283,Gleisi Hoffmann,2026,5,"SERVIÇO DE TÁXI, PEDÁGIO E ESTACIONAMENTO",26.81,PR
1072835,107283,Gleisi Hoffmann,2026,5,"SERVIÇO DE TÁXI, PEDÁGIO E ESTACIONAMENTO",21.99,PR
1072835,107283,Gleisi Hoffmann,2026,5,"SERVIÇO DE TÁXI, PEDÁGIO E ESTACIONAMENTO",13.98,PR
1072835,107283,Gleisi Hoffmann,2026,5,"SERVIÇO DE TÁXI, PEDÁGIO E ESTACIONAMENTO",15.64,PR
1072835,107283,Gleisi Hoffmann,2026,5,"SERVIÇO DE TÁXI, PEDÁGIO E ESTACIONAMENTO",47.95,PR
1072835,107283,Gleisi Hoffmann,2026,5,"SERVIÇO DE TÁXI, PEDÁGIO E ESTACIONAMENTO",51.99,PR
1072835,107283,Gleisi Hoffmann,2026,5,PASSAGEM AÉREA - SIGEPA,1582.56,PR
1072835,107283,Gleisi Hoffmann,2026,5,PASSAGEM AÉREA - SIGEPA,107.0,PR
1072835,107283,Gleisi Hoffmann,2026,5,PASSAGEM AÉREA - SIGEPA,2589.18,PR
1072835,107283,Gleisi Hoffmann,2026,5,PASSAGEM AÉREA - SIGEPA,1168.76,PR
1072836,107283,Gleisi Hoffmann,2026,6,MANUTENÇÃO DE ESCRITÓRIO DE APOIO À ATIVIDADE PARLAMENTAR,997.0,PR
1072836,107283,Gleisi Hoffmann,2026,6,MANUTENÇÃO DE ESCRITÓRIO DE APOIO À ATIVIDADE PARLAMENTAR,12942.4,PR
1072836,107283,Gleisi Hoffmann,2026,6,MANUTENÇÃO DE ESCRITÓRIO DE APOIO À ATIVIDADE PARLAMENTAR,171.68,PR
1072836,107283,Gleisi Hoffmann,2026,6,MANUTENÇÃO DE ESCRITÓRIO DE APOIO À ATIVIDADE PARLAMENTAR,79.9,PR
1072836,107283,Gleisi Hoffmann,2026,6,COMBUSTÍVEIS E LUBRIFICANTES.,311.84,PR
1072836,107283,Gleisi Hoffmann,2026,6,COMBUSTÍVEIS E LUBRIFICANTES.,304.5,PR
1072836,107283,Gleisi Hoffmann,2026,6,COMBUSTÍVEIS E LUBRIFICANTES.,150.0,PR
1072836,107283,Gleisi Hoffmann,2026,6,COMBUSTÍVEIS E LUBRIFICANTES.,200.0,PR
1072836,107283,Gleisi Hoffmann,2026,6,COMBUSTÍVEIS E LUBRIFICANTES.,250.0,PR
1072836,107283,Gleisi Hoffmann,2026,6,COMBUSTÍVEIS E LUBRIFICANTES.,300.05,PR
1072836,107283,Gleisi Hoffmann,2026,6,COMBUSTÍVEIS E LUBRIFICANTES.,329.0,PR
1072836,107283,Gleisi Hoffmann,2026,6,COMBUSTÍVEIS E LUBRIFICANTES.,226.51,PR
1072836,107283,Gleisi Hoffmann,2026,6,COMBUSTÍVEIS E LUBRIFICANTES.,298.14,PR
1072836,107283,Gleisi Hoffmann,2026,6,COMBUSTÍVEIS E LUBRIFICANTES.,314.2,PR
1072836,107283,Gleisi Hoffmann,2026,6,COMBUSTÍVEIS E LUBRIFICANTES.,291.42,PR
1072836,107283,Gleisi Hoffmann,2026,6,SERVIÇO DE SEGURANÇA PRESTADO POR EMPRESA ESPECIALIZADA.,158.11,PR
1072836,107283,Gleisi Hoffmann,2026,6,TELEFONIA,67.21,PR
1072836,107283,Gleisi Hoffmann,2026,6,TELEFONIA,66.87,PR
1072836,107283,Gleisi Hoffmann,2026,6,"HOSPEDAGEM ,EXCETO DO PARLAMENTAR NO DISTRITO FEDERAL.",257.5,PR
1072836,107283,Gleisi Hoffmann,2026,6,"HOSPEDAGEM ,EXCETO DO PARLAMENTAR NO DISTRITO FEDERAL.",257.5,PR
1072836,107283,Gleisi Hoffmann,2026,6,"HOSPEDAGEM ,EXCETO DO PARLAMENTAR NO DISTRITO FEDERAL.",665.04,PR
1072836,107283,Gleisi Hoffmann,2026,6,"HOSPEDAGEM ,EXCETO DO PARLAMENTAR NO DISTRITO FEDERAL.",1330.07,PR
1072836,107283,Gleisi Hoffmann,2026,6,"HOSPEDAGEM ,EXCETO DO PARLAMENTAR NO DISTRITO FEDERAL.",1330.0,PR
1072836,107283,Gleisi Hoffmann,2026,6,"HOSPEDAGEM ,EXCETO DO PARLAMENTAR NO DISTRITO FEDERAL.",249.5,PR
1072836,107283,Gleisi Hoffmann,2026,6,"HOSPEDAGEM ,EXCETO DO PARLAMENTAR NO DISTRITO FEDERAL.",349.5,PR
1072836,107283,Gleisi Hoffmann,2026,6,"HOSPEDAGEM ,EXCETO DO PARLAMENTAR NO DISTRITO FEDERAL.",195.1,PR
1072836,107283,Gleisi Hoffmann,2026,6,"HOSPEDAGEM ,EXCETO DO PARLAMENTAR NO DISTRITO FEDERAL.",415.89,PR
