estado,tipo_despesa,data_despesa,valor_previsto,limite_minimo,limite_maximo
PR,COMBUSTÍVEIS E LUBRIFICANTES.,2026-07-01,172422.89600000007,155180.60640000008,189665.18560000008
PR,COMBUSTÍVEIS E LUBRIFICANTES.,2026-08-01,186350.23628571435,167715.21265714293,204985.2599142858
PR,COMBUSTÍVEIS E LUBRIFICANTES.,2026-09-01,200277.57657142862,180249.81891428577,220305.3342285715
PR,COMBUSTÍVEIS E LUBRIFICANTES.,2026-10-01,214204.91685714293,192784.42517142865,235625.40854285724
PR,COMBUSTÍVEIS E LUBRIFICANTES.,2026-11-01,228132.25714285724,205319.03142857153,250945.48285714298
PR,COMBUSTÍVEIS E LUBRIFICANTES.,2026-12-01,242059.59742857152,217853.63768571438,266265.5571714287
PR,DIVULGAÇÃO DA ATIVIDADE PARLAMENTAR.,2026-06-01,748447.5179999999,673602.7662,823292.2698
PR,DIVULGAÇÃO DA ATIVIDADE PARLAMENTAR.,2026-07-01,827588.486,744829.6374,910347.3346000001
PR,DIVULGAÇÃO DA ATIVIDADE PARLAMENTAR.,2026-08-01,906729.4540000001,816056.5086000002,997402.3994000002
PR,DIVULGAÇÃO DA ATIVIDADE PARLAMENTAR.,2026-09-01,985870.422,887283.3798,1084457.4642
PR,DIVULGAÇÃO DA ATIVIDADE PARLAMENTAR.,2026-10-01,1065011.3900000001,958510.2510000002,1171512.5290000003
PR,DIVULGAÇÃO DA ATIVIDADE PARLAMENTAR.,2026-11-01,1144152.358,1029737.1222,1258567.5938000001
PR,FORNECIMENTO DE ALIMENTAÇÃO DO PARLAMENTAR,2026-07-01,4737.810666666666,4264.0296,5211.591733333334
PR,FORNECIMENTO DE ALIMENTAÇÃO DO PARLAMENTAR,2026-08-01,5180.124666666667,4662.1122000000005,5698.137133333334
PR,FORNECIMENTO DE ALIMENTAÇÃO DO PARLAMENTAR,2026-09-01,5622.438666666667,5060.1948,6184.6825333333345
PR,FORNECIMENTO DE ALIMENTAÇÃO DO PARLAMENTAR,2026-10-01,6064.752666666666,5458.2774,6671.227933333334
PR,FORNECIMENTO DE ALIMENTAÇÃO DO PARLAMENTAR,2026-11-01,6507.066666666666,5856.36,7157.773333333333
PR,FORNECIMENTO DE ALIMENTAÇÃO DO PARLAMENTAR,2026-12-01,6949.380666666666,6254.442599999999,7644.3187333333335
PR,"HOSPEDAGEM ,EXCETO DO PARLAMENTAR NO DISTRITO FEDERAL.",2026-07-01,66189.9,59570.909999999996,72808.89
PR,"HOSPEDAGEM ,EXCETO DO PARLAMENTAR NO DISTRITO FEDERAL.",2026-08-01,72183.1657142857,64964.84914285713,79401.48228571427
PR,"HOSPEDAGEM ,EXCETO DO PARLAMENTAR NO DISTRITO FEDERAL.",2026-09-01,78176.4314285714,70358.78828571427,85994.07457142856
PR,"HOSPEDAGEM ,EXCETO DO PARLAMENTAR NO DISTRITO FEDERAL.",2026-10-01,84169.69714285713,75752.72742857142,92586.66685714285
PR,"HOSPEDAGEM ,EXCETO DO PARLAMENTAR NO DISTRITO FEDERAL.",2026-11-01,90162.96285714285,81146.66657142856,99179.25914285715
PR,"HOSPEDAGEM ,EXCETO DO PARLAMENTAR NO DISTRITO FEDERAL.",2026-12-01,96156.22857142855,86540.6057142857,105771.85142857142
PR,LOCAÇÃO OU FRETAMENTO DE VEÍCULOS AUTOMOTORES,2026-06-01,171977.59000000003,154779.83100000003,189175.34900000005
PR,LOCAÇÃO OU FRETAMENTO DE VEÍCULOS AUTOMOTORES,2026-07-01,186821.95400000003,168139.75860000003,205504.14940000005
PR,LOCAÇÃO OU FRETAMENTO DE VEÍCULOS AUTOMOTORES,2026-08-01,201666.31800000003,181499.68620000003,221832.94980000006
PR,LOCAÇÃO OU FRETAMENTO DE VEÍCULOS AUTOMOTORES,2026-09-01,216510.68200000003,194859.61380000002,238161.75020000004
PR,LOCAÇÃO OU FRETAMENTO DE VEÍCULOS AUTOMOTORES,2026-10-01,231355.04600000003,208219.54140000005,254490.55060000005
PR,LOCAÇÃO OU FRETAMENTO DE VEÍCULOS AUTOMOTORES,2026-11-01,246199.41000000003,221579.46900000004,270819.3510000001
PR,MANUTENÇÃO DE ESCRITÓRIO DE APOIO À ATIVIDADE PARLAMENTAR,2026-07-01,145768.36533333332,131191.5288,160345.20186666667
PR,MANUTENÇÃO DE ESCRITÓRIO DE APOIO À ATIVIDADE PARLAMENTAR,2026-08-01,143919.08590476192,129527.17731428573,158310.99449523812
PR,MANUTENÇÃO DE ESCRITÓRIO DE APOIO À ATIVIDADE PARLAMENTAR,2026-09-01,142069.80647619048,127862.82582857144,156276.78712380954
PR,MANUTENÇÃO DE ESCRITÓRIO DE APOIO À ATIVIDADE PARLAMENTAR,2026-10-01,140220.52704761908,126198.47434285717,154242.579752381
PR,MANUTENÇÃO DE ESCRITÓRIO DE APOIO À ATIVIDADE PARLAMENTAR,2026-11-01,138371.24761904764,124534.12285714288,152208.3723809524
PR,MANUTENÇÃO DE ESCRITÓRIO DE APOIO À ATIVIDADE PARLAMENTAR,2026-12-01,136521.96819047624,122869.77137142862,150174.1650095239
PR,PASSAGEM AÉREA - REEMBOLSO,2026-06-01,44404.99399999999,39964.49459999999,48845.49339999999
PR,PASSAGEM AÉREA - REEMBOLSO,2026-07-01,48678.259999999995,43810.433999999994,53546.085999999996
PR,PASSAGEM AÉREA - REEMBOLSO,2026-08-01,52951.526,47656.3734,58246.6786
PR,PASSAGEM AÉREA - REEMBOLSO,2026-09-01,57224.791999999994,51502.31279999999,62947.271199999996
PR,PASSAGEM AÉREA - REEMBOLSO,2026-10-01,61498.058,55348.252199999995,67647.8638
PR,PASSAGEM AÉREA - REEMBOLSO,2026-11-01,65771.324,59194.1916,72348.4564
PR,PASSAGEM AÉREA - RPA,2026-06-01,0.0,0.0,0.0
PR,PASSAGEM AÉREA - RPA,2026-07-01,0.0,0.0,0.0
PR,PASSAGEM AÉREA - RPA,2026-08-01,0.0,0.0,0.0
PR,PASSAGEM AÉREA - RPA,2026-09-01,0.0,0.0,0.0
PR,PASSAGEM AÉREA - RPA,2026-10-01,0.0,0.0,0.0
PR,PASSAGEM AÉREA - RPA,2026-11-01,0.0,0.0,0.0
PR,PASSAGEM AÉREA - SIGEPA,2026-06-01,299085.0829999999,269176.57469999994,328993.5913
PR,PASSAGEM AÉREA - SIGEPA,2026-07-01,309758.54999999993,278782.69499999995,340734.40499999997
PR,PASSAGEM AÉREA - SIGEPA,2026-08-01,320432.0169999999,288388.8152999999,352475.2186999999
PR,PASSAGEM AÉREA - SIGEPA,2026-09-01,331105.4839999999,297994.9355999999,364216.0323999999
PR,PASSAGEM AÉREA - SIGEPA,2026-10-01,341778.9509999998,307601.05589999986,375956.84609999985
PR,PASSAGEM AÉREA - SIGEPA,2026-11-01,352452.41799999983,317207.17619999987,387697.65979999985
PR,"PASSAGENS TERRESTRES, MARÍTIMAS OU FLUVIAIS",2026-07-01,1567.394,1410.6546,1724.1334000000002
PR,"PASSAGENS TERRESTRES, MARÍTIMAS OU FLUVIAIS",2026-08-01,1617.8922857142857,1456.103057142857,1779.6815142857145
PR,"PASSAGENS TERRESTRES, MARÍTIMAS OU FLUVIAIS",2026-09-01,1668.3905714285715,1501.5515142857143,1835.2296285714287
PR,"PASSAGENS TERRESTRES, MARÍTIMAS OU FLUVIAIS",2026-10-01,1718.8888571428572,1546.9999714285716,1890.777742857143
PR,"PASSAGENS TERRESTRES, MARÍTIMAS OU FLUVIAIS",2026-11-01,1769.3871428571429,1592.4484285714286,1946.3258571428573
PR,"PASSAGENS TERRESTRES, MARÍTIMAS OU FLUVIAIS",2026-12-01,1819.8854285714287,1637.8968857142859,2001.8739714285718
PR,SERVIÇO DE SEGURANÇA PRESTADO POR EMPRESA ESPECIALIZADA.,2026-06-01,8661.988000000001,8264.0,9528.186800000001
PR,SERVIÇO DE SEGURANÇA PRESTADO POR EMPRESA ESPECIALIZADA.,2026-07-01,8639.310000000001,8264.0,9503.241000000002
PR,SERVIÇO DE SEGURANÇA PRESTADO POR EMPRESA ESPECIALIZADA.,2026-08-01,8616.632000000001,8264.0,9478.295200000002
PR,SERVIÇO DE SEGURANÇA PRESTADO POR EMPRESA ESPECIALIZADA.,2026-09-01,8593.954000000002,8264.0,9453.349400000003
PR,SERVIÇO DE SEGURANÇA PRESTADO POR EMPRESA ESPECIALIZADA.,2026-10-01,8571.276000000002,8264.0,9428.403600000003
PR,SERVIÇO DE SEGURANÇA PRESTADO POR EMPRESA ESPECIALIZADA.,2026-11-01,8548.598000000002,8264.0,9403.457800000002
PR,"SERVIÇO DE TÁXI, PEDÁGIO E ESTACIONAMENTO",2026-07-01,9155.776000000002,8240.198400000001,10071.353600000002
PR,"SERVIÇO DE TÁXI, PEDÁGIO E ESTACIONAMENTO",2026-08-01,9673.356285714286,8706.020657142857,10640.691914285715
PR,"SERVIÇO DE TÁXI, PEDÁGIO E ESTACIONAMENTO",2026-09-01,10190.936571428574,9171.842914285717,11210.030228571432
PR,"SERVIÇO DE TÁXI, PEDÁGIO E ESTACIONAMENTO",2026-10-01,10708.516857142858,9637.665171428573,11779.368542857146
PR,"SERVIÇO DE TÁXI, PEDÁGIO E ESTACIONAMENTO",2026-11-01,11226.097142857147,10103.487428571432,12348.706857142863
PR,"SERVIÇO DE TÁXI, PEDÁGIO E ESTACIONAMENTO",2026-12-01,11743.677428571431,10569.309685714288,12918.045171428575
PR,SERVIÇOS POSTAIS,2026-07-01,1119.5733333333335,1007.6160000000002,1231.530666666667
PR,SERVIÇOS POSTAIS,2026-08-01,1148.984761904762,1034.0862857142859,1263.8832380952383
PR,SERVIÇOS POSTAIS,2026-09-01,1178.3961904761907,1060.5565714285717,1296.2358095238098
PR,SERVIÇOS POSTAIS,2026-10-01,1207.8076190476195,1087.0268571428576,1328.5883809523816
PR,SERVIÇOS POSTAIS,2026-11-01,1237.219047619048,1113.4971428571432,1360.940952380953
PR,SERVIÇOS POSTAIS,2026-12-01,1266.6304761904767,1139.967428571429,1393.2935238095245
PR,TELEFONIA,2026-06-01,9418.077,8476.2693,10359.8847
PR,TELEFONIA,2026-07-01,9751.266,8776.1394,10726.392600000001
PR,TELEFONIA,2026-08-01,10084.455000000002,9076.009500000002,11092.900500000003
PR,TELEFONIA,2026-09-01,10417.644,9375.8796,11459.408400000002
PR,TELEFONIA,2026-10-01,10750.833000000002,9675.749700000002,11825.916300000004
PR,TELEFONIA,2026-11-01,11084.022,9975.6198,12192.424200000001
SC,COMBUSTÍVEIS E LUBRIFICANTES.,2026-07-01,108992.43200000003,98093.18880000003,119891.67520000004
SC,COMBUSTÍVEIS E LUBRIFICANTES.,2026-08-01,114772.93828571432,103295.64445714289,126250.23211428577
SC,COMBUSTÍVEIS E LUBRIFICANTES.,2026-09-01,120553.44457142861,108498.10011428576,132608.78902857148
SC,COMBUSTÍVEIS E LUBRIFICANTES.,2026-10-01,126333.9508571429,113700.55577142861,138967.3459428572
SC,COMBUSTÍVEIS E LUBRIFICANTES.,2026-11-01,132114.4571428572,118903.01142857148,145325.90285714294
SC,COMBUSTÍVEIS E LUBRIFICANTES.,2026-12-01,137894.9634285715,124105.46708571435,151684.45977142866
SC,DIVULGAÇÃO DA ATIVIDADE PARLAMENTAR.,2026-06-01,253188.177,227869.3593,278506.99470000004
SC,DIVULGAÇÃO DA ATIVIDADE PARLAMENTAR.,2026-07-01,267166.832,240450.1488,293883.5152
SC,DIVULGAÇÃO DA ATIVIDADE PARLAMENTAR.,2026-08-01,281145.48699999996,253030.93829999998,309260.0357
SC,DIVULGAÇÃO DA ATIVIDADE PARLAMENTAR.,2026-09-01,295124.142,265611.7278,324636.5562
SC,DIVULGAÇÃO DA ATIVIDADE PARLAMENTAR.,2026-10-01,309102.797,278192.5173,340013.07670000003
SC,DIVULGAÇÃO DA ATIVIDADE PARLAMENTAR.,2026-11-01,323081.452,290773.3068,355389.5972
SC,FORNECIMENTO DE ALIMENTAÇÃO DO PARLAMENTAR,2026-07-01,3851.3639999999996,3466.2275999999997,4236.5004
SC,FORNECIMENTO DE ALIMENTAÇÃO DO PARLAMENTAR,2026-08-01,3940.606571428571,3546.545914285714,4334.6672285714285
SC,FORNECIMENTO DE ALIMENTAÇÃO DO PARLAMENTAR,2026-09-01,4029.8491428571424,3626.864228571428,4432.834057142857
SC,FORNECIMENTO DE ALIMENTAÇÃO DO PARLAMENTAR,2026-10-01,4119.091714285714,3707.182542857143,4531.000885714286
